Brand,Processor_Speed,RAM_Size,Storage_Capacity,Price,Screen_Size_Category,Weight_Category
2,3.830295706209031,16,512,17395.093064560457,1,1
3,2.912832958973022,4,1000,31607.60591926617,1,2
4,3.2416270596922305,4,256,9291.023542338657,1,1
3,3.80624845294324,16,512,17436.72833420527,1,3
3,3.2680965857834963,32,1000,32917.990718167515,2,3
5,1.8813476072856532,16,256,9543.719980129945,1,3
4,2.940720900417033,32,256,10390.13731921554,1,3
4,3.01678761595714,4,256,9214.484505999935,3,1
4,2.560326678255965,4,512,16372.175283874409,3,1
3,3.341110589061807,32,512,18501.83273321414,2,3
2,3.835917536922537,4,1000,31967.607631536364,2,2
4,3.813921282266941,32,512,18534.108629919712,1,2
3,2.6270984285103305,8,512,17495.98363758707,2,1
5,1.783095114601888,16,256,9731.982415267874,2,1
2,3.962102997405837,8,256,9831.389961542602,2,2
5,3.5972452161148354,32,256,11038.928125612205,3,2
2,1.8116567030081672,16,256,8971.512504748447,1,3
3,3.802104706543431,32,256,10915.05717304083,3,1
1,3.674740905155321,16,256,9637.891638203962,1,2
2,2.79709514281518,16,256,9593.110592180388,3,1
5,2.9781885893623232,16,1000,31965.356609806408,2,1
3,2.4975067596753258,16,1000,32025.836689022144,3,2
2,1.6369040970550783,32,1000,32764.274431192796,1,1
1,2.3379931041147524,16,1000,32114.82080257049,2,1
1,3.5071336214950284,16,256,9929.514355970863,2,1
4,1.511580057511507,8,1000,31623.8142296768,3,1
4,2.3337479292278607,4,256,9264.933977469056,2,1
5,2.4954217339773583,4,1000,31549.79984535232,2,1
2,2.843489007344808,8,512,16729.550875026107,2,1
2,3.799639041031901,8,1000,31747.60460557713,1,1
4,2.3658649859149032,32,1000,32817.51657673146,2,2
2,2.367383004740569,32,256,10605.76645913327,1,1
2,3.343753120274371,32,1000,32810.02391415497,3,1
1,2.630544852224518,8,512,17059.609275297906,3,1
4,2.061512057349955,8,256,8973.58968596835,3,2
3,2.6310987903317336,16,256,9912.491624645294,1,3
4,1.8521425509494995,32,1000,32801.64628030737,3,3
3,1.9409674662655585,32,256,10174.195207302795,3,3
1,2.7459194318486992,32,256,10325.364732735776,3,2
5,2.5473136237613696,4,256,9221.138434690329,2,3
2,3.78711475267025,16,256,10233.785822237818,1,2
1,2.4059847477915826,32,256,10333.321560418655,3,1
2,2.951470875695109,32,256,10781.539201207572,2,1
5,3.080660719798826,32,512,18167.2998292549,1,1
5,1.532736141470834,4,1000,31381.405548006263,1,3
1,3.1588434300417765,4,512,17124.220074695466,3,2
5,1.9450899171743783,8,256,9280.14242169389,3,3
3,3.902675793673638,16,256,9701.0888184533,3,2
5,1.8716568193827825,8,1000,31673.696226693915,2,2
2,2.5365603093175597,16,512,17493.650157480613,1,1
2,1.7133741701966096,4,1000,31339.159741904798,1,1
2,3.992185629614868,32,512,18495.180974797404,1,3
2,2.7554875258281064,8,256,9140.170447550205,1,2
3,2.988462543300109,32,1000,33151.04094220564,2,2
4,1.6676911934710688,8,1000,31612.05196824762,1,3
1,3.3749011759979446,4,256,9081.898737916325,2,1
2,2.0247639827389645,4,1000,31650.730149513987,3,3
5,3.745135723601784,4,512,17076.68132855591,2,2
2,2.012849101205018,8,512,16983.63602188368,3,2
5,1.9767193016591664,16,512,17283.3760078759,2,1
5,1.5913741696202373,8,512,16788.668595688672,1,1
2,2.680167362774998,16,256,10029.5817669081,2,1
3,2.912102833156541,8,1000,31879.66275681356,1,2
5,1.664271598570881,8,512,17008.985706336844,2,3
5,3.4388190417375264,4,256,9362.265977008854,3,3
2,2.6332220868700693,32,1000,33008.898865411786,1,1
5,2.81097567331895,32,1000,32703.61322521928,1,2
5,2.60190686734557,16,256,9859.675147759026,2,1
2,2.501907652188315,32,256,10566.171029177392,3,1
2,2.899100828270545,8,512,16702.35101114597,3,2
1,1.8881006148267807,8,1000,31232.363630769603,3,2
3,1.9548203262381776,4,1000,31169.850513456506,1,1
3,3.654464052533793,4,256,9486.59493721812,3,1
5,3.8652886553340817,32,1000,33005.18133837966,3,3
3,2.4332732906993826,16,512,17299.66299417338,2,1
5,2.1768616828588847,32,1000,32993.53208719504,3,2
1,3.1099988580975397,32,256,10514.889245702288,1,2
2,2.5218354277452413,32,256,10859.96282331094,3,1
2,1.5634658891508622,32,512,18310.41380623579,3,1
2,1.890381493415476,8,512,16833.276091774973,1,2
3,3.289930572118494,16,1000,32339.842111645936,2,3
1,3.1473098547753784,8,1000,31954.95009707073,3,2
3,1.5677399812587087,16,256,9437.652448312245,1,2
3,2.054930404832373,4,512,16879.49194023418,2,3
1,2.0776869914701788,32,512,18371.75254715768,3,3
1,3.179731858996821,8,512,16959.08793158975,2,2
1,1.5492763443859103,16,1000,31849.94957524409,1,2
1,1.760271454961435,4,512,16691.8538808074,2,2
2,3.499790213432973,4,256,9454.453848798114,1,2
4,1.946361655135834,32,256,10327.843844709536,2,2
4,3.131865269629687,16,1000,31996.360216835685,1,2
1,2.095456952616816,8,1000,31624.8432680589,2,1
4,1.748603481898363,32,512,18295.118647808857,2,2
4,2.107930477498635,8,1000,31362.16189438691,3,1
1,3.305667329639148,4,256,9107.981058442165,2,1
4,3.6392411702657146,8,512,17146.71360929845,2,1
3,3.575549661417479,8,256,9491.27221480852,3,2
5,2.492958824046137,32,512,17807.040217535818,1,2
5,3.1702128414266157,8,1000,32097.517261509493,2,1
1,2.0124607385395525,32,512,18042.955600013647,1,2
2,2.2328693256525334,4,512,16746.84865578127,3,2
1,3.7408395463027992,32,256,11055.045240035955,1,1
2,1.53250480877684,32,256,10462.141838886577,2,2
5,1.71377132713617,16,512,17155.73800658763,3,3
1,2.019715637865068,8,1000,31568.083455808148,2,3
3,1.5663305096845492,4,1000,31197.896010928464,1,2
4,1.9535885877244932,32,256,10711.444213390389,2,2
2,2.95760390242423,4,1000,31533.20155491725,2,1
4,2.5535613764812446,16,256,9478.12050527792,3,1
4,3.731679277692437,8,1000,31512.88406850961,2,1
1,3.5436089043461023,32,512,18702.47855204765,2,3
4,2.35454337924469,8,256,9143.215708902308,2,1
3,2.1485585835782315,16,256,9819.847510197049,3,1
4,2.4492310204181678,16,512,17407.53842775571,2,3
1,2.975737356287019,4,256,9126.589411524554,2,3
3,2.17015910205719,32,1000,32689.03038985435,1,3
5,3.0603722696228357,4,1000,31828.83010465009,1,1
4,2.523529130478101,16,256,9415.94255327567,1,1
1,2.8801179521299507,8,1000,31601.43744615208,1,2
5,2.590316322838292,4,256,9328.964725005384,2,1
5,2.236164398854794,4,512,16523.52327190858,2,1
2,3.871133267405392,8,256,9829.331415396638,1,2
3,3.409014485399402,4,512,17204.64783482446,3,3
4,1.8502829394161315,8,1000,31515.502993169488,1,1
1,3.671169939744782,32,512,18366.44450856108,3,2
2,2.718577995623784,8,1000,31416.859879837644,2,2
3,3.7363805672352286,32,256,10905.979465289627,2,1
2,3.499638139868288,8,1000,32336.20253073521,1,2
3,2.563033761173084,16,256,9790.713628803494,2,1
3,1.5561732708002936,16,256,9168.638971150249,2,1
4,2.171693398462365,32,512,18277.152535880618,3,3
3,2.854085536652168,32,512,18464.505286084324,2,1
2,3.083695549565368,16,512,17376.019528331424,3,3
3,2.1447192135830058,32,512,17980.79592868101,1,1
4,1.8483901851820603,8,1000,31389.46524464816,3,2
4,3.587325591998248,8,1000,31772.920990386385,2,2
2,3.96100545175888,16,1000,32342.70586240376,3,1
5,2.8142254557567146,4,256,8995.589695902025,1,1
5,1.9291982146207587,8,1000,31299.78946813345,2,2
3,2.1807683162984226,32,1000,32806.59086064783,2,3
1,1.5459766913686668,4,1000,31236.54145744455,3,3
3,3.785747016401248,4,512,16954.6650023628,1,2
2,1.7943777072253528,8,1000,31558.996663829734,3,3
2,2.941291188785634,8,256,9054.153840394143,1,3
2,2.185138051718015,4,512,16824.803277372925,3,3
2,2.8854450062894834,4,256,9162.53174614114,3,2
2,3.128550970879661,16,1000,32252.67601295525,3,2
4,3.574354509268004,32,512,18492.16211284153,2,3
5,2.016053179401508,16,256,9850.110563874518,2,2
2,1.5274895716462011,8,1000,31521.46090508398,3,3
1,1.8422140751720184,16,256,9771.526709907295,1,2
1,3.7500466046202634,16,256,9926.27477787204,2,1
1,3.684725193906288,16,256,9941.850074437516,3,1
1,2.993532755425771,16,1000,32153.74242481181,3,2
4,3.001292151084133,32,1000,33063.16548039221,1,2
1,3.162591686365639,32,256,10791.994833192382,2,3
2,1.938428196558624,4,512,16769.079792857636,3,1
3,3.7860298648124,8,512,16953.654943429603,1,3
1,2.546926312230183,16,1000,32215.48938141632,3,3
4,2.4578463206237435,4,1000,31218.308199175557,1,1
4,2.797294263207094,4,1000,31293.44806820096,2,3
1,1.6174149169376375,4,1000,30967.93994191266,1,3
3,1.9157084218901983,32,1000,32653.960197510933,1,3
1,3.345084041065926,16,512,17857.15877167418,3,3
4,1.706996669812816,16,1000,31661.07806674929,2,3
5,3.0078802736659704,8,256,9750.09939150324,2,2
2,2.1133727742033024,16,256,9801.241333636794,1,1
4,2.4732390351049416,16,512,17108.252961770988,2,3
1,2.2217343419267497,4,256,9000.733644385671,2,2
2,2.3891817911623727,8,512,16757.01448914171,2,2
1,3.2976147629606136,16,512,17684.869162090497,1,1
1,2.2428042890579376,32,256,10314.43387717169,3,3
5,2.9160116007422427,16,1000,31802.522515218472,2,1
2,2.690126005497749,4,256,9084.371552686822,2,3
2,3.15917791340662,32,256,10869.936265088454,1,1
5,3.842074348311895,4,512,17080.49072571302,3,1
4,3.331430243025625,16,256,9960.39760411128,2,2
1,2.037350946476892,32,512,18215.27563711241,2,1
3,1.5779578376532115,8,1000,31123.00052356164,1,3
1,2.1556601107495625,8,1000,31442.69518248657,3,3
1,2.987694826750637,32,1000,32908.69340148634,1,3
4,1.6285645337106258,32,256,10282.909929516276,3,1
1,2.7409156180030907,4,512,17196.585377609033,2,1
5,2.9921071222922238,32,1000,32653.09999958263,1,3
5,2.335609727042402,4,512,16613.5085481996,3,3
2,3.427280509364554,16,512,17629.77767355734,2,2
3,1.7664956328344297,4,1000,31216.57452719055,3,2
1,1.687844454339522,32,1000,32159.48537202643,3,1
1,3.3204718905090083,32,512,18787.381530683822,3,3
4,2.738728290515496,16,1000,31817.73844347585,1,2
5,3.2210059910693403,32,512,18502.21699683582,3,1
3,2.5870683465093656,32,512,17967.132684905315,2,1
2,2.1160050830977672,8,1000,31428.70478343292,3,3
5,3.547755794185499,8,256,9241.110049105846,2,1
2,3.498539697422448,16,1000,32141.824638347352,3,1
4,3.236741177136067,4,256,9141.792983885032,2,2
4,2.1803628430749065,8,512,16929.315969834894,2,1
1,2.9755766671727177,4,512,16795.165118189307,1,1
3,2.402434742350067,32,256,10241.803176187252,3,3
2,1.7289551833165857,8,512,16724.505692735114,2,3
5,3.793283938655607,16,256,10263.360342654723,2,3
4,1.8420465772974035,16,256,9881.335513541208,3,3
1,3.875593384552006,16,512,17781.52417157112,2,2
1,2.615014432394889,8,256,9435.386839490424,1,3
2,1.962832322096549,4,1000,31764.037664592757,2,2
4,2.8547523684458955,32,1000,33014.12791272006,2,2
3,3.6823645896910207,4,512,17151.988889149306,2,3
4,3.3305622160239032,4,512,16609.82135919522,1,1
2,3.5164028696536245,32,256,10474.26099123632,1,2
2,3.146958416776793,32,256,10622.17676840154,1,2
4,3.2306914112946314,8,256,9346.064573576532,3,1
2,3.6229891289132974,8,256,9303.954706859848,1,1
4,2.1241700221479647,8,1000,31372.50378014099,2,3
5,2.723562409107851,8,1000,31441.577746651605,3,3
4,2.0530236045490056,8,512,16713.611745764396,1,2
4,3.969170019991617,32,256,10901.062546460897,2,1
2,3.860148349216533,4,256,9803.702788206429,3,1
2,1.5985670284212647,8,512,17025.47405293858,3,3
1,3.263937931289221,8,256,9635.717452517947,3,2
1,3.8131207935391647,4,256,9094.784528168608,3,1
5,1.9514383628183336,8,256,9279.03174625438,3,2
1,2.9198630763815734,4,256,9194.57565829342,2,1
4,3.7887207439701047,4,256,9477.922638839167,3,2
2,1.584864946464497,32,512,17880.004532059324,1,3
1,3.2435506681171,16,256,10254.303767339708,3,2
1,2.243372518431377,32,512,18151.5867749036,2,3
5,3.810990488441326,16,256,10027.7082709325,2,2
5,3.92764561291342,16,1000,31901.471771127784,1,3
4,3.8606662227835846,16,1000,32319.90329556232,3,2
2,2.6855355416436595,8,1000,31872.56841517933,1,1
5,3.655106627473284,32,1000,33229.673457835015,3,2
1,3.611373496337676,16,512,17242.828225910383,3,1
2,2.297751183108139,4,512,16631.41956585275,1,3
2,3.572288685376693,8,256,9925.178427088164,3,2
1,1.5925190867887316,32,1000,32652.89807631292,3,3
5,2.9906746962051325,16,512,17595.709114375557,2,1
1,2.075022093219258,4,256,9340.21826144707,2,3
2,1.801417214443197,32,256,10321.729413074818,1,3
3,1.6923830040730228,32,512,18161.471638723186,1,3
3,3.2407219396953493,8,1000,31859.430745037665,1,1
4,2.3496874094201656,32,256,10668.632633116544,3,2
1,3.311916928821904,8,1000,31823.648154658014,1,3
1,1.663390851997356,16,1000,31815.64050789825,3,1
4,2.288225844576526,8,1000,31503.17147173213,2,1
4,2.848728230938343,4,256,9024.89080903652,2,2
4,3.476807912097409,8,1000,31547.05112729735,3,2
2,2.296881257330175,4,256,9385.939545131734,3,1
1,3.064728441092522,8,1000,31747.39378248772,2,1
2,3.714944370590468,32,256,11008.9067734798,2,1
4,3.039657970455761,16,1000,32447.60269492614,2,3
1,2.082398686884084,4,512,16669.19633161232,1,2
2,1.561001953891345,8,1000,31160.04319560088,1,3
2,3.6752471847523247,8,1000,31821.65032497846,2,3
4,1.553173527125968,8,256,8991.512288250062,2,2
1,3.6867541817104983,32,256,10405.95143539082,3,1
4,2.8223428350680297,32,1000,32808.856450782005,2,1
1,3.8476692462822406,4,512,17065.081629541877,2,1
3,3.4969580894341634,4,512,16854.30343210921,2,3
5,3.994835276333344,32,256,10697.836784094568,3,2
5,2.3767795386292754,4,512,16575.251835695293,3,1
5,3.417970722327817,16,1000,32274.63025978199,2,2
4,2.504827284023105,16,256,10131.593323529152,3,2
3,2.699689050759772,32,1000,33111.68849986043,1,2
1,3.068763658045925,4,256,9384.824877131963,2,1
2,3.684192785465847,8,256,9664.037025023415,2,3
1,3.9602086729982378,16,256,9978.874050006958,2,2
2,3.420683534661296,32,256,10387.0530853186,3,1
1,2.5444169554183347,4,512,16773.987493471064,3,3
3,2.5533925056926754,32,1000,32629.16325767026,1,1
2,3.343955753972229,8,1000,31848.655148446676,2,3
4,2.096942864420756,16,1000,32205.99180089257,2,3
1,1.7761852828284868,32,256,10723.115825341803,1,3
1,2.3865553941019413,32,512,18152.54918807709,1,3
2,2.2180974791352046,32,1000,32437.38944266547,1,2
4,2.240770301139975,8,512,16912.47369317647,1,3
4,2.084019377624774,32,256,10428.1312270273,1,2
3,1.6052329740909048,8,1000,31566.9558113889,1,3
4,1.5446848368335346,8,512,16777.65548577389,2,3
4,3.969305974340079,8,256,9647.836304717026,3,3
4,2.569432834339656,16,512,17291.107749054692,2,3
5,2.460816617899204,16,1000,32039.04200238277,3,1
3,3.199118206732675,32,1000,33063.24200044911,2,3
1,2.0456347196626603,32,256,10059.050423626955,3,2
2,3.874902959875564,16,256,9968.179815116977,3,3
1,3.4658625360388804,4,256,9471.946769197091,3,3
3,1.7235275057806487,16,512,17573.057889351905,2,1
2,2.543951939462321,8,512,16968.45371903162,3,2
3,3.697795768905412,16,512,17844.559013165475,1,2
4,3.8618300557285257,8,256,9905.976594804111,1,3
2,2.6685037781246743,32,1000,32812.68702948411,2,1
4,3.0335284730267693,4,1000,31446.721179529304,2,2
1,1.917584865230188,32,512,17999.390306277077,1,2
1,3.9779215653424416,8,512,17328.134576567532,3,3
2,2.0791792534586087,8,1000,31803.593813995874,3,2
2,3.856829435337814,8,1000,31773.80361638789,2,1
3,3.124116622480921,4,512,17299.430104201827,3,1
3,3.019341987197148,16,512,17354.575214695695,2,1
4,2.7817212775412714,32,1000,32706.13245163676,3,2
2,2.0766745292943964,32,256,10558.374400119386,2,1
1,1.9413200800137709,16,512,17504.666195097063,1,1
3,2.0512155226754385,32,1000,32809.51886963163,3,3
3,1.9660956553606364,4,1000,31435.52408550944,3,3
1,3.448961183916883,32,1000,33459.84749304077,3,2
3,2.375313147916825,8,1000,31908.592069712,3,3
4,1.644606691408491,16,256,9608.2795423112,3,1
2,3.922756575352029,4,1000,31653.26294701181,2,2
1,3.709464712408564,16,512,17905.288938740137,3,2
2,3.819380707988032,4,256,9576.799205329233,3,2
3,3.987269556616088,8,1000,32018.235095486318,2,2
3,1.9347381230487184,16,256,9594.15776505564,3,2
1,2.490605047256647,32,512,18157.022324409696,1,2
4,3.395596189260228,4,1000,31613.45750359301,3,3
5,3.2400515451344805,16,512,17547.663503854328,3,1
1,1.8847397658496376,32,1000,32638.547131597392,3,1
5,3.5395828124765445,16,1000,32339.213793119663,3,1
5,2.061101429591652,16,1000,31865.399704499443,3,1
4,2.0595440370565576,16,1000,31987.43351882683,2,2
5,2.8424360572335337,4,1000,31150.076784441597,3,1
5,2.982349837104258,32,256,10454.862431857224,1,3
4,2.950215519594528,8,1000,31916.074468038503,1,1
5,1.7287170934943872,4,1000,31095.042487596136,1,1
5,3.693652156575951,4,256,9480.671471848873,2,3
5,2.1640001064717653,4,256,8909.468097718878,2,1
1,1.8237873032070104,8,256,9379.787385975013,3,2
1,3.721870199672443,32,256,10692.554536342968,2,3
1,3.889128745574384,32,256,10742.170263455198,2,1
4,3.6553190431636255,32,256,10722.279304129946,1,1
3,3.523790186812195,16,1000,31974.33199154367,2,2
5,3.1381049515975543,16,1000,32396.814235117585,2,1
5,2.8771434265228484,16,512,17694.48203779271,1,1
4,1.7174668997785254,8,1000,31397.565079435717,1,1
5,2.5211330326767465,16,1000,32125.15816609158,1,1
1,2.431721292530785,8,256,9411.265535787075,1,2
3,2.149384459400816,32,256,10428.784835638491,2,3
2,3.3085502842214622,16,1000,31944.08429326199,1,2
5,2.739689337696927,16,512,17811.473268566835,3,1
1,1.7026155397691198,4,256,8938.607532046088,3,1
2,2.050458004874528,8,1000,31427.371791558653,2,3
3,3.20814690914899,32,1000,33370.4420797472,3,2
2,1.6903271487257503,4,512,16748.036476845933,2,3
1,3.628017285121922,4,512,17087.547262123375,2,2
2,2.737866317534936,32,256,10433.695261078468,3,2
4,2.70146644331662,4,512,16972.93001014014,1,2
2,2.9810194616487937,8,1000,32379.03942150032,3,1
5,3.561702414812873,8,1000,31979.48506119157,1,2
5,2.369523019755482,16,512,17471.614003736388,2,2
4,3.195040381397659,4,512,17045.60392779002,1,1
1,2.914329909989478,16,512,17455.300773342526,3,1
5,2.167570675423553,4,512,16675.250768956474,2,3
3,3.696574965887895,8,256,9506.548360762825,3,3
5,3.49356505401732,8,512,17077.866844915894,2,2
5,3.1461295866460635,8,256,9373.865607791506,2,1
1,3.6264543227356048,4,1000,31553.45182463549,1,1
2,3.668235502399506,8,512,17166.348856397115,2,3
5,3.270907441787587,4,256,9281.467499262955,3,1
4,3.59253332090918,16,512,17642.983733872454,2,3
2,3.243678654173209,4,1000,31654.48791516093,3,1
3,3.200351929400751,16,1000,32262.797855749,3,2
1,3.0465284455379606,4,1000,31840.45411465564,2,2
3,3.381791598894103,16,512,17603.49328037393,2,3
2,1.896512763232684,8,512,17278.83978351909,1,2
2,3.702176897997321,16,256,9990.735036238431,1,2
2,3.67960881936308,8,1000,31722.439630327608,1,3
3,1.573118207586398,8,512,17113.947291297496,2,1
2,3.564541876411907,16,1000,32221.27948039033,2,3
3,1.8221746686836129,4,1000,30846.987761411416,2,1
2,2.337797135647855,4,256,9085.709823337274,2,3
4,3.3587706407290194,32,256,10625.405372692512,2,2
2,1.9018997401207705,4,256,9352.730816495696,3,2
3,3.5449175602976557,32,256,10574.274152103791,3,3
5,3.580335444894355,4,1000,31550.904299589107,1,1
2,2.7686693344020905,4,256,9405.330098502527,1,1
5,1.515964679292084,8,256,9230.656162685767,3,2
4,2.217595332937282,32,256,10425.0758545074,2,2
1,3.0423172959393554,4,256,9098.353074666707,2,2
4,3.952965445068559,32,1000,33201.8544477546,2,1
2,3.079533817541671,8,256,9433.443385229784,2,1
5,2.1495089526603994,8,1000,31391.564515126847,1,1
5,3.0850142577490285,32,512,18159.14275626669,1,1
3,2.849963449289638,8,1000,31565.967734645805,2,2
5,3.4496134878778597,16,1000,32020.82728719431,2,3
3,1.767451597067396,16,256,9786.04722822343,3,3
1,3.40256975625507,8,512,17377.64164165918,3,3
2,2.853166446690276,16,512,17676.859114647952,2,1
3,3.9074800096474864,4,512,17120.15347016301,3,2
1,2.3546804150967158,32,512,18113.256519109906,1,1
5,3.0815547328348702,4,1000,31513.2969159367,2,1
5,3.830070263775044,32,512,18700.661279036893,3,2
1,1.756274319976698,8,1000,31131.52746799251,2,1
5,3.843071218091128,4,1000,31629.792385278022,2,1
1,3.219714305752033,8,1000,31560.65712430021,1,3
3,1.6695926477629297,8,512,17123.885107886974,2,2
3,2.2524089173670405,32,256,10425.010327871876,3,2
1,3.270430221613204,32,256,10410.68801937096,3,1
3,1.6683765036719294,32,512,18117.85936553154,3,1
3,2.955426150440683,4,256,9160.564023519024,3,3
3,2.364707642382392,16,256,9603.56820750981,2,1
4,3.0522887944186925,32,1000,32836.15779017243,2,2
2,1.6143550845312822,32,1000,32498.58220366735,1,1
5,3.678842015380941,4,512,17176.393504207954,2,2
4,3.933722422943492,32,512,18544.964478764847,2,1
3,3.9221946382142288,4,256,9415.277230204896,3,3
1,3.374129579357312,8,1000,31582.162950992373,2,3
3,1.82521560032658,32,512,18033.55330712699,2,3
2,3.3956579898225563,32,512,18446.74641533128,2,1
3,1.5614672911470038,8,512,16883.31863737996,2,3
1,1.5553088788224931,8,512,16876.73664814452,3,2
2,2.309025547873853,8,512,16753.07735808376,1,2
3,2.7216079760116645,32,512,17768.37330818461,2,2
2,3.426018544519483,16,256,10323.867354410397,3,1
5,3.2082384415162637,16,1000,31931.005252814022,2,1
5,2.6147567659418707,16,1000,31641.105860874708,1,3
3,2.1840666657041647,32,512,18194.156696522925,2,1
2,3.992811250394278,8,1000,31637.770363408745,3,2
1,2.565453255589932,32,1000,32648.154658469608,1,2
3,2.6284675608241885,8,1000,31803.034281971497,3,3
5,1.909059552979173,32,512,18466.374657066157,3,3
5,3.487023871874824,32,512,18463.78294548897,2,3
3,3.2342055644537213,8,1000,31768.887337692777,3,1
2,2.051924031971901,16,1000,31988.681010326505,3,1
5,1.7059526140396066,8,512,16518.079792351797,3,2
2,3.2012482551867825,4,256,9219.619833608687,3,1
5,3.136278035702838,4,1000,31454.597976955472,1,1
5,2.183148817495524,8,256,9256.76448311221,1,2
4,3.877158905626026,32,1000,33503.93503731473,2,2
5,1.8776447294522507,4,256,8570.01295046808,1,3
1,2.580837002606505,4,256,9058.405539825571,2,1
3,3.859039800418997,32,256,10483.978626601363,3,1
3,2.5493182923153057,32,512,18164.70384756868,3,1
2,3.0963148691602136,16,256,9674.42104073643,2,3
5,2.4939859949069856,32,256,10259.568047457497,3,3
1,2.185538005871675,8,256,9469.108520618654,3,3
2,3.9599441198995695,8,1000,31967.51364293197,2,3
4,2.5233350157876075,16,256,9852.218947732548,1,2
2,3.735248009197836,4,1000,31588.887165963664,2,2
2,2.074886514727716,4,256,9059.269729482983,3,1
5,2.032761760062708,32,256,10740.17439367292,2,2
4,1.5778352072112785,8,512,16841.407279690808,3,2
2,3.129167063439713,4,1000,31685.19704607659,1,2
1,2.421315859309403,16,256,9602.42464377117,3,3
1,3.660895624599093,16,1000,32443.387282551463,3,3
3,2.683024766728893,8,1000,31587.74709239849,3,3
4,3.920483569786804,16,512,17358.181126541185,3,3
4,1.963813789257803,16,512,17330.027682309257,3,3
3,3.671557919889027,8,512,17203.63995723219,3,1
2,3.4414921319793543,32,512,18133.59750990507,3,1
4,3.42730461161013,32,512,18459.19946222812,3,3
1,3.611958070292219,16,512,17462.733791440864,3,3
1,3.4025599773574973,32,512,18958.317291194384,1,1
5,3.0655508040785384,32,512,18008.279252012882,2,3
4,1.828112194205969,16,256,9368.84270700251,2,1
2,1.5813154487281298,32,1000,32818.0799277558,1,1
3,3.802119619539217,16,512,17611.820387024287,1,3
3,3.041625786301845,4,512,17148.4085711659,3,1
2,3.491343227440441,8,1000,31979.68968343873,3,1
5,2.7038058787813752,8,256,9296.26683615532,3,1
3,1.7932704724059862,32,1000,32408.57788482435,2,3
4,1.812964480506376,32,1000,32866.042977926394,1,2
5,3.2139132180724284,32,512,18035.130088414076,1,2
4,2.5757647372486567,8,1000,31747.00913095184,1,2
1,2.001311816750842,4,1000,31485.28470990025,1,1
5,2.7289863668535923,4,512,16752.815486783176,1,3
3,1.6605223426878353,8,512,16840.024514932513,3,1
5,2.954928504785997,4,512,16709.94541814983,3,3
5,2.1724835110877443,8,512,17007.624039015653,1,2
5,3.4938977515929706,4,1000,30976.616362602435,1,3
5,2.2759048973089344,16,1000,32156.279925438143,2,1
4,2.638050372704503,16,256,9717.434626463002,1,2
1,1.5290513497702516,8,256,9148.771656517109,3,1
2,1.6811172194863973,4,1000,31332.93246684605,2,1
5,2.481233891016712,32,256,10231.289820993528,2,2
3,2.6998470867928086,4,1000,30998.00861002435,2,1
5,3.000051370298259,16,256,9864.41377714835,1,2
3,2.229156446773258,16,512,17642.368258108138,2,1
4,3.2374547153163564,4,256,8957.611388888343,3,1
3,3.6503059929730113,4,512,16837.251254164315,3,3
2,3.449627472233374,32,512,18503.891186596426,1,2
1,1.5990470633708929,32,512,18102.2158223809,2,2
3,2.701267368144572,4,512,17441.789564768562,2,2
3,1.7623254460454372,4,256,9226.493226207614,3,3
1,2.105112539656319,4,1000,31523.85503748275,2,1
2,3.966656483167866,4,512,16924.533002996257,2,3
5,1.8562388572537831,8,256,9301.58370356369,2,3
3,2.74722038362839,4,512,17162.58822760996,2,3
1,3.045389335795297,32,256,10597.817827122042,2,2
4,3.25616242636026,16,256,9842.035170669518,2,2
1,2.8991217087172854,8,256,9425.202280608495,2,3
4,1.5244271185479592,4,1000,31156.942850384727,3,2
2,2.31615327060998,16,256,9751.863110692431,2,1
5,2.794279108461778,8,256,9494.598859453254,3,1
1,1.7196662478620834,16,1000,32176.09693732364,2,3
3,2.376567328022952,4,1000,31443.159540864785,3,1
2,1.5830077719784164,4,256,9109.54022824584,3,3
1,1.6964462428875515,32,1000,32639.704344435744,2,2
3,2.49230819050399,4,512,16974.393967168104,3,2
1,1.8317893851076508,4,512,16587.514580972704,1,1
4,2.918852120653895,8,1000,31904.03391572949,3,1
1,3.223662422843164,32,1000,33137.46096329069,2,3
1,3.501466747772707,8,256,9246.784871162248,1,3
1,2.000375610612025,16,1000,32178.29275976765,2,2
2,1.9187064556476745,4,256,9033.566194315728,3,2
1,1.7614196008360006,16,512,17106.42782100887,1,3
3,3.0910756238590915,8,1000,31624.21771893861,2,2
4,3.266189316217253,4,256,9365.556673166084,3,2
4,1.578965362064105,4,256,8990.324452880152,3,1
1,3.8405306156092247,8,512,17332.942777748834,2,2
2,1.629928209128681,8,1000,31505.462184452488,1,3
2,2.853240838252676,8,512,17127.62372053389,1,3
3,3.272651298627291,8,256,10059.021865229906,2,1
1,3.677422809365214,8,256,9555.867038172206,2,3
4,3.285217330331069,4,1000,31506.824436691582,3,2
2,3.50432020767448,8,256,9071.15239871061,1,2
1,2.348625481357015,4,1000,31209.082072609664,3,1
2,3.5370627843662805,4,512,17205.205679219198,1,2
2,1.700287115961688,8,1000,31593.98311026264,1,2
4,3.737041640151319,8,1000,31622.75570204865,2,1
5,2.8689809403843407,32,256,11079.296980713389,2,3
3,3.5432444249062343,4,256,9415.264080027056,3,3
3,2.6307957112957503,8,1000,31809.77744768992,3,2
4,3.108944237991312,8,256,9899.157798256469,2,3
2,2.816006652340283,8,256,9795.021054850456,3,2
1,3.3289738043883297,32,256,10900.502074698152,3,1
2,1.704074955076474,32,1000,32857.12065525129,2,2
4,1.6508802099764095,16,256,9788.823673511592,3,1
3,2.117758085025366,4,1000,31343.017188686004,2,1
2,1.8988617002829709,16,256,9619.819786074037,1,1
3,3.679458916480504,8,512,17397.54904187063,3,1
1,2.0480349683951107,32,256,10350.814525506354,1,3
3,3.939663139547828,32,256,10638.50244334717,2,1
3,2.342239479427767,16,1000,31985.34781522652,3,2
5,1.9552947892217485,32,1000,32500.15629105084,1,1
5,3.4742462678561976,8,256,9494.43894222929,1,3
5,3.14676943875219,32,512,18033.226295151348,3,1
3,2.745489291132848,16,256,9848.92119756115,2,3
4,2.8884088773440784,8,256,9048.60910679841,1,2
3,3.29800444568066,16,512,17515.91518148312,3,1
4,2.071136853328247,32,1000,32871.26550348876,2,2
4,3.990834790141855,16,256,10192.670247531909,2,1
5,3.936982905366958,16,1000,32525.79468505247,3,2
2,3.1258142158673423,4,1000,31661.60491503453,3,1
1,1.9988561273228629,32,512,17853.61070804924,2,3
5,3.2005706060782284,32,512,18590.4167423866,3,1
5,1.6804960224479395,16,1000,31702.148404315936,3,3
2,1.5766312555145152,4,256,9123.785347356164,1,1
1,2.1442072212780343,32,1000,32868.877400863414,1,1
3,2.656557391848291,8,256,9596.573600521036,1,2
3,3.670681263520952,16,256,9974.814913952585,3,3
5,3.31792267441577,32,512,18224.91911206513,2,1
1,3.3567663029999526,8,256,9264.36247945563,2,1
5,2.5637333361201886,32,256,10359.762908152476,3,1
4,2.364837481367408,8,1000,31335.581651372893,3,1
5,2.4275969074615067,16,512,17545.41450124221,1,1
5,3.9691239093401447,32,256,11011.79350442628,2,2
3,1.6002729785312062,32,256,10461.214760305716,2,1
3,3.6675787403061215,4,512,17033.495029854475,2,1
3,2.946688521430984,16,1000,32560.41420163401,3,3
4,2.596538547973976,8,512,17055.855772547548,3,2
3,3.313144151037841,32,512,18399.77710698207,1,1
1,2.716672353561757,32,256,10572.38104129128,2,1
2,3.6835580952041513,8,256,9524.516541157198,3,2
1,3.7517546600281455,16,1000,32418.225900019068,2,1
1,2.5543023171836383,4,256,8969.499667250127,1,2
3,2.192069493087629,4,256,8931.64158994445,2,1
2,2.980875821483405,32,512,18381.45293473955,1,2
2,3.780908364041728,8,256,9540.263683460851,3,1
2,2.0266554725141663,32,1000,32722.19699170541,1,2
4,3.057416458908707,8,512,17031.580627189982,2,3
3,3.0789005502313014,4,1000,31558.706209149856,2,2
2,3.3327825560382025,16,512,17501.262720510942,3,1
4,1.8289192128181493,8,256,9029.916399804506,1,1
5,3.289562411705221,4,512,16757.87521145047,1,1
5,3.7725813016641023,32,512,18579.28840455552,1,1
4,1.949207772175605,8,256,9217.451938184204,1,1
4,2.093858312309694,16,256,9783.633851651786,1,3
3,3.928487735104099,32,1000,33354.90259562436,2,2
3,1.9524423817737244,32,1000,32611.790570357465,1,2
5,3.635962733423948,4,256,9468.150557363018,1,2
2,2.730694641120087,8,256,9404.819380443085,3,2
5,2.1180776860079424,32,256,10413.731014080557,2,1
2,3.6768747531812784,16,512,17863.34574876797,2,3
2,2.613263137506664,8,512,17124.384006967848,1,1
3,2.787043384824225,16,512,17442.27647012818,3,3
1,2.398083423499414,32,256,10554.60906823848,1,3
1,2.982377128587318,16,1000,31929.6744769352,3,3
4,1.9088096814625568,4,256,9087.071602980595,3,2
3,2.4777038416294017,16,512,17064.361782900898,1,1
2,3.923530805838219,8,512,17155.42246340321,3,2
1,2.1453335817528187,16,256,9740.413388748191,1,2
2,3.1418416613532303,16,256,9274.525545150296,1,2
1,2.312975160561737,4,512,17156.710715175002,3,3
1,3.433682814216501,16,512,17789.172102765056,3,1
1,1.8271841517958745,16,512,16922.99041879282,2,1
3,3.924552612696362,32,256,11255.348016729007,1,1
5,2.634473853459098,32,512,18769.15165707092,2,1
2,2.09012615836616,8,512,16918.871474172327,3,2
3,1.6837418683250316,32,1000,32466.674974474045,1,3
3,1.924394762718852,32,256,10719.665409273986,1,2
3,2.7994348713900443,32,1000,32767.274320916287,1,3
3,2.342507941078216,32,1000,32795.04127811074,1,3
3,3.572208414706524,4,512,17298.46593347018,3,3
4,2.5772188091545147,32,256,10517.182685967558,2,1
2,2.121785681469075,4,512,16732.176887532056,3,3
3,3.0428624665100754,4,256,8975.326466281276,2,1
2,3.2669430422136143,32,1000,32909.11452258751,3,1
4,1.9176047697523744,16,256,9526.042606303856,1,2
4,1.9190480407207944,4,512,16430.161831411904,2,1
2,1.5916785673338574,16,512,16969.92215343469,1,1
1,3.341005037664101,16,512,17572.439863049596,2,1
5,3.1595113190545128,32,256,10307.602054620887,2,1
1,2.6865771893745345,8,1000,31553.39887164781,3,3
1,3.610426122422993,32,1000,33489.96968925737,2,1
1,3.514175382375133,8,256,9431.367188490723,1,1
3,2.9633859109918803,8,512,16951.439990127954,1,2
4,3.6706782012831463,32,1000,32968.61211133288,1,2
1,2.0146030250919207,32,512,18036.244976572903,2,3
4,1.7797990484943198,8,256,9341.544154752515,3,1
2,2.174374028792474,32,512,18293.33190003984,3,2
5,1.6427171402232872,8,1000,31331.87614219564,1,3
2,2.82792382000258,16,1000,32057.59755714992,2,3
2,3.841514230737404,32,512,18728.750414928563,2,2
3,1.598358851671274,16,256,9252.224764996936,2,3
5,1.805274785025067,4,512,16674.176268095754,2,1
2,2.630497570708588,16,256,9804.015334953754,3,2
2,3.8346875438197614,16,512,17539.352432879663,2,2
5,2.290390262441876,8,1000,31522.5034922794,1,3
5,2.768087021720981,16,256,9642.707126680169,3,1
2,1.6039321476259802,32,256,10438.451567581356,1,1
5,1.8708580024052224,8,256,8960.49719990869,3,1
2,3.966575307397117,4,1000,31954.085256659306,2,1
2,3.912796741090114,32,512,18484.08666372973,2,1
3,1.512349952336024,4,1000,31192.302691149176,3,3
1,3.8795294635580975,16,256,9848.907001761569,3,2
2,3.097799844538751,32,512,18564.873708531173,3,2
4,3.6697957363000553,32,1000,32943.021188327635,2,3
1,2.636849639084648,4,256,8951.260150923878,3,2
1,2.7889900714481257,32,256,10805.22151252119,2,1
1,2.722116450642301,32,1000,32761.71742683985,3,1
3,3.1671606438652606,32,1000,32953.47077163469,2,1
2,1.849128136890782,16,1000,32130.932571244823,3,2
3,1.5749339746816948,4,256,9026.508630007324,3,2
2,2.269824853977977,32,1000,33188.9231533668,3,1
3,3.261701906841617,8,256,9283.177998259893,1,2
3,2.004633630307371,8,1000,31446.97748763949,1,3
4,3.1835810833122933,8,256,9468.282674289843,3,3
3,3.924780115268176,8,256,9684.282946767202,1,3
5,1.734751789473546,16,512,17543.33453761382,3,3
4,3.181505295562816,32,1000,33000.20423707547,2,1
3,2.609375548261428,4,1000,31420.17334262457,2,3
1,3.6703556359437632,32,256,10521.560806348574,3,1
5,1.9428744736184649,16,256,9643.781766169588,2,2
5,3.231564880565412,8,256,9346.199597968807,2,2
5,3.595288224120276,16,512,17769.029726326044,2,1
4,3.861535548685058,32,512,18371.271509808023,2,3
3,3.208120070724114,4,256,9240.67613254145,3,3
3,2.7429369100210685,16,1000,31778.847134015232,1,1
1,3.0446181005030346,4,1000,31234.928876827467,3,3
1,3.6722624611967953,16,512,18071.45594572585,3,1
5,2.926524366597074,4,512,16893.740258565627,2,2
1,1.5759676492420922,4,256,9049.026871794313,3,2
4,3.827371738767445,8,1000,31735.42443245162,2,2
3,3.223816877578903,4,256,9412.59985713488,2,3
5,3.1912834644431163,8,512,17329.767812411545,3,3
1,2.0391878809942927,32,1000,32526.828109098893,1,3
4,3.147213675581643,32,1000,32739.64821789146,1,1
4,2.484661014135396,8,512,16845.480994534384,2,3
1,3.12808244260373,8,256,9459.669088422834,2,1
3,1.766482575769977,16,256,9611.790008278744,2,3
1,3.1446132615075904,16,1000,32216.957792421388,3,1
5,3.9985343144266654,16,512,17992.657054925832,2,1
1,1.62053009715139,32,1000,32533.06771514721,2,3
4,3.942935460553293,16,512,17430.73803160496,1,1
1,2.517269901807176,4,256,9121.350285490576,2,1
3,3.676883625843148,4,512,16675.425035779714,1,1
2,3.455963710145684,16,256,10040.27411209842,1,1
1,2.9175406524666694,4,512,16924.307465983453,2,1
3,3.346123023128317,32,1000,32925.40344540765,1,1
3,3.69628890325337,4,256,9262.458812489702,1,2
4,2.510350804127582,32,1000,33009.991820949304,1,1
3,2.3175829039080966,8,1000,31832.48694288418,3,3
3,3.168983463908962,8,256,9470.813523423903,3,1
3,3.5196148548531463,8,256,9647.162498392676,2,3
3,3.4057128369415395,8,1000,32038.621807182244,3,3
5,3.494534122146586,4,1000,31751.626360161416,3,1
5,2.5889582870323324,16,1000,32023.99593577724,2,3
4,3.544585540437554,4,1000,31661.825527825305,1,3
1,1.8005226384265212,32,256,10195.392260005525,3,3
3,2.861222744902124,4,256,9232.829064224456,3,2
1,1.514396651245304,4,1000,31227.62554547839,2,1
1,2.3114645747506755,32,512,18116.165590725548,3,2
4,2.416153837178495,8,512,16640.727832384706,2,2
3,2.4904317290231384,8,256,9137.90627075809,3,2
3,3.2386680167246555,8,1000,31753.56091948391,3,1
2,2.4713952531758645,16,1000,32192.593101112045,2,3
1,2.6217340565563267,32,256,10617.701964091477,3,3
1,2.0938603271858187,32,512,18317.25807781471,2,1
5,2.43312947907335,4,512,17073.491965768277,3,1
2,2.0681740681578784,16,512,17425.207791952944,3,1
5,1.682989809421109,8,256,9125.494379894904,1,3
5,3.008621483453445,16,512,17324.418211582888,2,3
5,3.170531996387541,32,256,11019.56817405083,1,2
4,3.0487258650240365,32,256,10374.526469146394,3,2
4,2.658735109501431,4,1000,31494.3586227087,2,2
5,2.4494644504480743,4,512,17000.04279606425,3,1
2,3.658334123929563,32,256,10881.506435734313,1,2
1,2.797704462840545,8,512,16839.889865827867,2,3
2,2.6979546940743275,8,512,16919.58957778899,1,3
3,1.5641051645160893,16,1000,31727.413250211663,3,3
4,2.3531195690653908,32,512,17817.927110290842,3,3
1,2.4504890469646425,32,1000,32923.66424093799,3,2
1,2.497056952242251,8,256,9217.345503076524,3,2
3,2.950430923068331,8,512,17420.461668116226,3,3
3,2.834006366817196,32,256,10668.03049422374,1,3
5,3.019762731983612,4,512,16908.293955737794,2,1
4,3.4122081538553206,32,256,10614.656373393547,2,1
4,3.532464346790234,32,512,18478.144403711227,3,1
2,3.295307690566236,8,512,17159.322422840665,3,2
5,3.888809239887337,8,512,17265.177331852225,1,1
5,1.545581456690904,4,512,17050.344308089607,3,1
5,1.9894449642088647,4,512,16526.28524127009,3,1
5,1.5189071874453552,16,512,17192.85166958739,2,2
4,3.1186867853865072,32,512,18423.12109446953,1,3
4,3.745076372374968,8,512,17128.6579256982,1,1
5,2.1087057414407484,4,512,17045.209680244476,2,3
2,3.817586361990767,16,256,10138.50213465183,2,2
1,1.650668475723902,16,1000,31685.744847782345,1,3
1,3.8360900670137856,8,512,17330.837860127278,2,1
2,2.3790567180990863,8,1000,31508.34110630341,3,3
5,1.7535520711230412,16,512,17134.107805427182,3,2
4,2.7146793979658144,4,512,16856.3146807512,3,3
1,2.14194141930127,16,256,9877.701371611463,2,3
3,2.212182254904807,32,256,10603.04588948062,1,1
3,2.2682249123157163,32,1000,32837.375721584285,3,1
2,3.5075647445816585,8,256,9681.81450367459,2,1
5,2.847903191688136,4,256,9197.983310634145,1,2
1,2.278269247890009,4,1000,31150.46348912145,1,1
5,3.025834458277296,32,256,10601.345449746035,2,1
1,3.290376685557984,16,512,17524.667582559297,1,2
2,2.1815600018338346,8,1000,31727.51669713056,1,1
2,2.5338727538133785,16,1000,31925.07691690721,1,1
3,1.8047152333423688,16,512,17030.91419141605,1,2
5,1.9528733738367008,16,256,9636.022750232672,2,1
3,3.2027946349124568,4,1000,31471.246464932334,2,2
5,1.9535958692390676,32,1000,32690.20316177008,2,2
3,2.8129084591676503,4,512,16815.944966357143,1,2
4,3.272615654306082,32,512,18247.31759738773,1,3
4,1.7671923077368596,8,256,9384.527047699774,2,2
4,2.918280549072259,8,1000,32024.43102535619,2,2
4,2.141406959253409,16,256,9829.301900203083,2,2
1,3.9073171880939497,32,256,10424.744893239906,2,3
4,2.708864116799812,32,512,18156.078113352567,3,3
2,3.5149813744378955,32,1000,32982.441006081084,2,3
2,2.8755663553906543,16,1000,31740.326520636645,2,3
1,1.6085313321370478,16,1000,31723.780730333,3,1
4,3.082878438985056,8,512,17095.146166569753,2,1
4,3.8785083555166415,4,512,16986.151280130784,2,1
4,3.004029550365828,32,512,18286.888598140027,2,3
3,3.5479721485669757,32,512,18168.94249970969,3,2
5,3.71051615837102,4,512,16921.031373659833,1,3
3,2.070199429872331,32,1000,32752.14531270553,1,1
5,2.030112099770567,16,256,9600.27269279034,1,3
4,3.02745247212748,16,1000,32289.025217302365,3,1
4,2.527571174516762,32,256,10573.858560372246,1,1
3,3.5996532571668007,16,512,17606.220337611598,3,2
3,3.750057808495028,16,256,10001.832841756575,2,2
5,2.3835534482567957,32,1000,32720.53241424944,3,2
2,2.092176397436205,8,1000,31551.206902054804,3,3
5,3.4513137881096547,4,256,9110.314750358611,2,1
3,2.18701508887034,16,512,17517.692129962947,1,2
3,3.556535796284196,8,512,17121.005091843883,1,2
1,2.559345634121907,16,1000,32245.014750269227,1,1
3,3.168874748228676,16,256,9936.623236873858,3,3
1,1.7388382845866706,4,512,16440.8037442774,1,3
2,3.059648311691433,16,512,17541.13623887115,2,3
5,2.629419196843073,4,1000,31615.395174517456,2,3
5,2.966521157938685,4,512,16925.69245689916,3,3
1,1.9200355193621583,4,256,8994.58494573542,1,1
5,3.342184362360455,8,1000,31637.58171576476,1,3
3,3.6569926938580712,32,1000,33034.19966891077,1,1
4,2.041849500226939,8,256,9337.256259297008,3,1
1,1.7392863888004042,32,1000,32607.6059829306,2,1
5,1.559096465115841,32,512,17766.404122596145,1,3
1,3.104928751108165,4,512,17138.512921401118,1,3
1,3.017735090221952,16,256,9932.648143307568,1,1
4,2.866743531785175,4,512,16715.111346051184,1,3
3,2.079867740289939,16,256,9725.353722230924,3,3
1,2.4772649897637864,32,256,10270.601136617244,3,1
5,2.9861908379654327,4,512,16510.33181488892,2,1
2,2.741917147147924,16,256,10026.49773571635,3,3
1,3.969463800537218,8,512,17321.502772469725,1,1
1,1.8410993813918328,16,1000,31925.993931369598,3,2
4,3.2378613851189844,4,1000,31694.40469113412,3,1
3,2.5107969202607303,8,256,9956.631886857773,2,2
2,2.570499037314037,16,512,17616.64185550617,3,3
5,3.2939944141454407,16,512,17324.524093174547,1,3
2,3.231090378310924,16,1000,31821.55349048893,1,3
5,3.978139984255471,16,1000,32493.058447151387,1,3
3,1.820985723635313,16,512,17425.02777611643,2,3
5,1.7602741234604158,8,256,9314.484774693694,3,3
4,3.3108470428218526,32,1000,32911.46842429856,3,1
4,2.9459672925160225,8,256,9498.257175309209,2,2
4,2.185401666399515,8,256,9174.856632312052,3,1
4,1.6985484224724663,8,1000,31646.72338510003,3,3
2,1.7141456239910764,32,256,10530.53993687592,1,1
3,3.735477186660296,4,256,9259.826095812132,2,2
5,1.9796683117968568,32,512,18287.943159645933,1,1
5,2.308428905288802,8,256,9323.03963602629,3,3
4,2.0666410055674698,16,512,17459.095727992164,3,3
4,2.3874907645798435,16,1000,31720.062940320862,1,2
1,1.6735596068652334,8,1000,31543.333126455003,3,3
3,2.797649477270676,16,512,17352.269345851655,2,1
2,1.6690314089805374,8,1000,31582.725749347646,2,2
5,3.500891269555904,16,256,10194.662373108871,2,3
1,2.0842802047760824,32,256,10487.59944027047,2,1
1,2.8500297865112767,4,256,8946.643610745541,1,3
5,3.7001977189036457,4,1000,31787.82542207305,1,1
2,3.127193422617985,32,256,10687.069407463854,1,1
1,2.8323944663783385,32,1000,33320.84523464822,2,3
1,2.310834382788439,8,256,9303.60339705879,1,1
3,2.3325047826454948,8,512,16884.41160968943,3,3
2,3.173717387995475,8,1000,31923.10697935266,2,3
1,3.985348403052919,16,1000,32351.38622793542,3,1
2,3.1545979746234467,8,256,9460.145105117126,2,2
5,2.8944585434250625,32,1000,32754.91847076602,2,1
4,3.326626275598115,4,1000,31641.11273860403,3,2
1,2.663014030709295,16,512,17406.84907651699,1,1
3,1.650355856501963,8,512,16788.156231149962,1,1
5,2.905742039694774,16,256,9725.671350790091,3,2
2,3.8940632112634495,16,512,17695.147508140286,1,2
5,1.9382573558941487,8,256,8962.71143253269,1,3
1,3.225012227051664,16,256,9612.3525237855,2,3
2,2.002334221647641,4,256,9111.31193516215,1,3
4,2.839569211182704,32,1000,33045.56205147648,2,2
5,1.741691124116799,32,512,17748.770425967152,1,3
1,2.625927340645463,4,256,8836.578529356853,3,2
3,3.390408322238115,16,512,17409.086291686537,3,3
2,2.3689288105974557,8,256,9282.277068695445,3,3
5,3.162279311218045,16,512,17787.920193214795,2,1
5,3.488624901974323,4,512,17010.571428426818,3,3
4,3.817944548698632,16,256,9791.15470145468,1,3
4,2.0866052046386336,32,1000,32824.33712037552,3,3
3,2.4982897895232705,16,512,17410.05582993742,3,3
3,1.8810400333260435,4,1000,31081.277606638618,3,1
1,3.981208755395938,32,1000,32878.791390917366,2,1
1,3.8175024198107375,16,256,9702.78754189184,1,1
3,2.849892825701399,16,256,10273.94804271075,2,3
3,3.605083235941053,32,256,10966.959225605731,3,1
2,2.802394943180105,8,512,16879.609624413744,1,3
4,3.0589642200068994,32,256,10903.73248244458,3,1
1,1.7228110802900416,8,256,9034.603152020143,1,1
4,3.38817605124202,4,512,17155.69259960478,1,2
4,1.8192837090880871,4,512,16631.665778958082,1,3
3,3.565169075631321,32,256,10560.36350044493,1,1
2,3.455070219175965,32,256,10856.606358975563,2,2
5,3.271861744357441,4,256,9273.581909907169,1,2
2,1.5904009513119053,8,256,9290.096987341743,3,1
2,2.2578208898633214,4,1000,31460.13124201373,2,1
4,2.157781424777107,32,1000,32764.01284416276,1,3
2,2.4003410186787977,4,256,9287.756516757589,3,2
1,1.7191068669095964,32,1000,33267.88053404709,3,1
4,3.842394557577657,32,512,18743.569392030524,3,3
1,2.8845056017809405,4,1000,31500.579121575098,1,3
5,2.263810776645059,8,1000,31579.969088229787,3,2
4,2.4924537926857084,16,256,9718.504049627418,3,2
5,2.618006351262089,4,1000,31165.01940345165,1,3
4,3.001485833401543,16,1000,32210.84467814835,1,3
3,2.789198569241244,4,1000,31299.096337077222,2,3
2,3.798479933036044,16,1000,32190.565833666125,1,2
3,2.7424087072645755,8,512,17224.935754364804,3,2
5,3.9803950370582815,8,256,9550.586044502412,2,3
2,3.6285623943627394,4,256,9310.97376700503,3,1
4,2.0212762858933395,32,512,17879.225669647967,2,2
2,3.826488036609791,16,1000,32503.38900195016,1,3
1,1.79091599471369,32,512,17848.648929480383,1,2
2,3.543624271227979,32,1000,32948.390259346575,2,2
1,2.45155823369145,32,512,17863.49092017457,3,2
2,3.6949358011126736,8,256,9605.248956027845,3,1
1,3.6701417252686257,4,256,9268.415327997422,1,2
5,3.514813500294053,4,256,9320.050038383062,1,3
3,3.475076090767653,8,1000,31555.484375687003,1,1
4,2.261697847745102,8,1000,31775.100781173467,3,1
2,1.7022982076281306,4,512,16213.281162170935,1,3
3,2.5074504469129035,32,512,18187.249004710426,2,1
4,1.933811287466272,16,256,9654.234216413864,2,1
4,3.2373777222561544,16,1000,32242.39494101568,3,3
1,2.365249316344464,16,512,17379.97583682769,1,3
5,3.939025502149787,32,1000,33254.52420078501,1,3
5,3.10243019336333,4,1000,31838.33720666597,2,3
3,3.556201409085902,8,256,9530.952687533918,2,1
5,1.831311681854621,4,256,8771.368296242576,1,3
2,3.655036205681556,32,1000,33239.412259576195,3,2
5,3.806892976283486,8,1000,31881.83967839809,3,3
3,2.71765479704734,32,1000,33108.08855567776,1,2
5,3.0156323443774435,16,1000,31992.823010825137,1,2
2,3.4120245022574887,16,256,9737.946500559405,2,2
1,1.9370965681510317,32,512,18154.66194832175,3,2
3,2.756415191158606,8,256,8965.445226169082,1,3
1,2.496657569430783,8,512,16930.188997563248,3,2
1,1.865934980405623,4,1000,31266.009292397022,2,2
1,2.4188360557288284,16,512,17402.130812294912,1,2
4,1.670430773463734,4,256,8780.660812137545,3,2
4,1.5645297673737175,4,256,8807.45631198526,3,3
1,1.8379157228870568,32,1000,32879.801956539945,1,3
3,3.9077877789729354,32,256,10776.326669448184,1,3
2,2.8738238397375424,4,1000,31672.55122106269,2,3
2,3.91455540288305,16,256,9937.855120726465,3,3
5,2.5812446958253297,32,256,10583.974206579704,3,2
3,2.279540332713149,4,1000,31431.96659934872,2,3
4,2.7653546571006102,4,512,17224.796074094204,3,3
1,2.598779221582276,4,256,9101.456489806602,2,2
5,1.76416171065436,4,512,16619.368307116365,2,3
2,3.1020657867255155,4,256,9432.751389592717,1,3
4,2.040095456273999,4,256,8921.533462229636,1,2
4,3.048969887244574,32,256,10674.025311431891,1,1
1,3.125502730995384,16,256,10061.27182276968,2,2
2,1.8800621328216205,4,512,16495.310389802176,1,3
3,1.6533740677766704,8,512,16947.904214676655,3,2
4,3.4519039651711,32,256,11021.313118799026,1,2
1,2.6495010594233004,32,256,10692.58576411101,1,3
3,1.6454094887636894,4,512,16690.666299432294,2,2
2,3.9871657929244178,32,1000,33122.00019262631,3,2
4,1.6444514024909167,4,1000,31096.73478515804,1,3
3,3.237588072146383,16,512,17326.62382491818,1,3
3,3.959197313158534,16,256,10384.21040704151,3,1
3,2.097950260539814,32,256,10680.026168958457,1,2
4,1.8556234217179903,32,1000,32563.092342958476,1,2
4,1.803462348556072,8,1000,31617.262952743706,3,2
5,2.2581878689189887,32,512,18124.40980082335,1,2
2,1.7526145275266167,8,1000,31730.7663560954,2,2
1,3.23040335423533,16,512,17622.2145575574,2,1
3,1.655729495325157,16,1000,31852.20156348976,1,2
5,2.7735553203744745,4,1000,31378.489586473937,1,1
1,3.991742134632442,16,1000,32360.21331265167,1,2
5,3.534925673765047,8,256,9429.518083614452,1,3
4,3.038048595577527,32,256,10615.154383936717,1,3
3,2.265634051966529,4,256,9100.836436937352,3,2
1,3.0597395907290963,8,1000,31682.62474127944,2,1
1,2.817603659779129,32,512,18076.176555131093,2,1
1,2.5652084597259286,4,512,16966.747382653815,3,2
1,1.8267759418504987,16,512,17306.624142207762,2,1
1,3.716510538101167,8,512,17545.434177776024,1,2
5,2.6244616220533064,32,256,10404.656364747576,3,1
3,1.9865562795519127,4,256,9105.360514190024,1,3
4,2.419398377193224,4,1000,31368.34593981929,1,2
4,2.535324381322318,16,1000,32511.825418557142,3,1
4,3.5688447389171856,32,512,18519.25082369232,2,3
4,3.3340359514035054,16,256,9953.512205585715,2,2
5,3.4232622341033494,16,512,17555.22769875267,1,1
2,1.527578161071618,32,1000,32513.47571532257,2,2
3,2.540384995449404,32,1000,32885.83478410924,1,2
1,2.703360379088309,32,512,18010.960644367682,3,3
2,1.5479806920576418,8,1000,31160.957275266264,1,1
4,2.149533021862585,32,512,18385.20376962034,3,2
2,3.4007245578053373,4,256,8966.377697268257,2,1
3,1.8427742643224976,16,512,17261.630105190296,3,1
1,2.8382753286314792,8,256,9197.072872167342,3,3
1,2.0380046800430938,32,256,10368.844116768449,3,3
3,1.5303019366097332,8,1000,31472.847052929457,1,1
3,2.103003643998853,32,1000,32927.59822898311,1,2
4,3.9396843872751344,8,1000,32150.73202907923,1,1
1,3.503842779707474,16,512,17453.133812303007,3,3
2,3.898941610802584,16,512,17641.599962965385,3,1
5,2.719635109815906,4,1000,32307.19075540181,2,1
5,1.7743404966937588,4,512,16565.69346983908,1,2
3,2.8698987224342325,32,1000,32725.914020821376,2,2
4,2.6359433363999023,16,512,17300.98076961925,2,2
5,3.61089270684904,8,256,9506.2435788224,2,1
1,1.7452064519606114,8,256,9134.695215844837,3,1
3,2.7206028425544453,8,1000,31701.98531413684,3,2
2,1.8751216617349609,4,512,16647.177496646727,1,1
3,2.31168981722515,8,512,16945.635712780964,2,3
2,3.3433926934694997,4,256,9106.686028786318,2,1
3,2.6900453234219164,4,256,9213.792839595322,1,2
3,2.4397207128644234,32,1000,32815.18251283006,1,3
3,2.4861906964250884,8,256,9376.584994369729,1,1
2,2.6486169210149666,8,1000,31374.55966941488,3,2
2,3.462541359592642,16,256,9929.37740987491,2,3
3,3.730211722350586,32,256,10382.840434256868,2,1
5,3.8883367162598206,16,512,17685.069592386008,3,3
4,3.467258465638237,32,256,10881.587053000309,3,2
4,2.288517239370032,8,256,9453.54246975951,1,1
4,3.2203367652163557,4,1000,31665.88401371413,2,2
2,2.59400781013848,4,256,9277.58422575505,2,1
2,2.136676555115128,4,1000,31341.446312517983,3,3
5,3.6021789485648066,4,256,9261.621121538949,3,3
4,1.5960658724058123,4,256,9495.625371845676,3,3
4,3.754404980338559,16,1000,32427.605391210767,2,3
3,2.653693661561835,32,512,18028.999080892296,3,3
2,3.093003692020701,8,1000,31359.91338744827,1,2
4,3.148384805514457,16,1000,32045.64145051028,1,2
5,3.737794351766341,32,1000,33309.86950091103,2,2
5,3.0916742054180184,4,512,16896.06751963396,1,1
4,3.0348339619001545,32,256,10148.017388946038,1,3
2,1.6666301014017249,32,1000,32684.106787249348,3,2
5,2.79602005486301,4,1000,31571.913188565733,3,1
3,1.875422502042604,4,512,16186.628098963016,1,1
5,3.343584421803714,4,1000,31593.668017334785,1,2
1,2.780554802031686,8,256,9149.52183158709,1,2
1,3.2005694480208837,4,512,16552.404779460052,1,2
2,1.6041822515059607,8,256,9407.473458677823,1,2
4,1.711980040114508,4,256,8807.696701661907,3,2
